{"cameraMode":{"drawMode":0,"name":"Shaded","section":"Shading Mode"},"sceneLighting":true,"audioPlay":false,"sceneViewState":{"showFog":true,"showMaterialUpdate":false,"showSkybox":true,"showFlares":true,"showImageEffects":true,"showParticleSystems":true},"in2DMode":false,"pivot":{"x":549.8778076171875,"y":248.5445098876953,"z":0.0},"rotation":{"x":-0.03193490579724312,"y":0.9574099183082581,"z":-0.2622000277042389,"w":-0.11660878360271454},"size":2001.7049560546875,"orthographic":false}